Date,Open,High,Low,Close,Volume,Daily_Return,MA_7,52W_High,52W_Low,Volatility_7D
2025-04-28,1394.8373106964493,1424.0122194189871,1393.0511659597357,1417.8597412109375,10948561,1.6505,,1417.86,1417.86,
2025-04-29,1417.8597077945897,1427.2869661678633,1411.7071085959242,1418.85205078125,10786910,0.07,,1418.85,1417.86,
2025-04-30,1422.0275444346203,1422.7221360927958,1389.2802248488963,1416.073486328125,14192027,-0.4187,,1418.85,1416.07,
2025-05-02,1415.9742091510598,1435.5233172200462,1413.6917718641512,1419.149658203125,8842434,0.2243,,1419.15,1416.07,
2025-05-05,1428.9738894731652,1435.7218701832576,1415.081087769954,1418.455078125,4565705,-0.7361,,1419.15,1416.07,
2025-05-06,1418.0581160771362,1422.7220796211836,1409.5239906903596,1420.63818359375,6301690,0.1819,,1420.64,1416.07,
2025-05-07,1414.0887881642996,1430.9586193213472,1410.119416127347,1424.4091796875,10480453,0.7298,1419.35,1424.41,1416.07,0.7798
2025-05-08,1427.5846620245352,1437.8058437113664,1415.1803741209164,1424.5084228515625,15306490,-0.2155,1420.3,1424.51,1416.07,0.4797
2025-05-09,1404.3638078003796,1409.0278927234135,1376.379782804671,1378.2652587890625,13491197,-1.8584,1414.5,1424.51,1378.27,0.8374
2025-05-12,1398.6082269981746,1441.8743569081432,1393.249550653154,1437.4088134765625,9925445,2.7742,1417.55,1437.41,1378.27,1.4249
2025-05-13,1429.0731325397105,1436.8134564073198,1416.4704248722041,1419.6458740234375,12475424,-0.6597,1417.62,1437.41,1378.27,1.4567
2025-05-14,1418.9512828044426,1429.6685145448027,1406.4477852062123,1415.279541015625,8026837,-0.2588,1417.17,1437.41,1378.27,1.4257
2025-05-15,1414.9819190581854,1445.3475908699352,1404.6615275498752,1439.6912841796875,18209264,1.7463,1419.89,1439.69,1378.27,1.5574
2025-05-16,1442.172107583965,1447.5306627908633,1435.920298328426,1442.86669921875,6439208,0.0482,1422.52,1442.87,1378.27,1.5489
2025-05-19,1435.4241717584057,1448.5230511072755,1432.7448940711074,1437.905029296875,6005334,0.1728,1424.44,1442.87,1378.27,1.5374
2025-05-20,1439.0957378026826,1447.8284044606678,1424.5083444847762,1427.1876220703125,11352383,-0.8275,1431.43,1442.87,1378.27,1.3344
2025-05-21,1431.8517946649677,1440.1875004165765,1427.485461067875,1433.637939453125,5510460,0.1247,1430.89,1442.87,1378.27,0.8433
2025-05-22,1430.0655182967434,1434.2334317099203,1416.867428660744,1431.057861328125,7245933,0.0694,1432.52,1442.87,1378.27,0.7841
2025-05-23,1431.1570706662649,1440.6836606711147,1423.4168677068544,1438.698974609375,5203706,0.527,1435.86,1442.87,1378.27,0.7714
2025-05-26,1446.8360701649403,1460.331910515487,1443.8590412139838,1449.4161376953125,5608725,0.1783,1437.25,1449.42,1378.27,0.4152
2025-05-27,1441.3782192942826,1451.7978208795425,1424.7068083036186,1435.324951171875,14842959,-0.42,1436.18,1449.42,1378.27,0.4503
2025-05-28,1436.5157355383742,1446.836127202333,1431.454810349359,1442.6683349609375,8618343,0.4283,1436.86,1449.42,1378.27,0.4785
2025-05-29,1445.4467442494526,1451.698553407669,1433.9355900375203,1445.3475341796875,15545514,-0.0069,1439.45,1449.42,1378.27,0.3093
2025-05-30,1448.7216268807567,1449.7139699197687,1433.2410996992944,1434.7296142578125,11803975,-0.9658,1439.61,1449.42,1378.27,0.5167
2025-06-02,1430.9586389930196,1448.8208134048605,1421.8291316367724,1439.3935546875,9458990,0.5895,1440.8,1449.42,1378.27,0.5678
2025-06-03,1443.7598455387374,1443.8590556109682,1421.035166759386,1426.8900146484375,11167345,-1.1685,1439.11,1449.42,1378.27,0.6796
2025-06-04,1426.3938661679927,1429.0731438395549,1415.4780930628378,1420.0428466796875,8025388,-0.4453,1434.91,1449.42,1378.27,0.6632
2025-06-05,1419.9436226094324,1447.8284366760695,1416.3712120373557,1443.66064453125,11385668,1.6703,1436.1,1449.42,1378.27,0.9845
2025-06-06,1437.5080878919146,1450.2101271201,1431.0578582020253,1448.5230712890625,11580994,0.7663,1436.94,1449.42,1378.27,1.016
2025-06-09,1453.7825541382838,1455.5688200651953,1422.4245382897982,1423.8138427734375,11022031,-2.0614,1433.86,1449.42,1378.27,1.2973
2025-06-10,1427.9815809293386,1430.660858582463,1405.6538633679,1412.0048828125,12905272,-1.1188,1430.62,1449.42,1378.27,1.3129
2025-06-11,1410.9133394459884,1423.5160472131458,1407.737769134025,1420.0428466796875,7136877,0.6471,1427.85,1449.42,1378.27,1.3193
2025-06-12,1419.5466979345517,1425.5007560873705,1409.127096167119,1414.2872314453125,7953247,-0.3705,1426.05,1449.42,1378.27,1.2592
2025-06-13,1392.8526699787633,1410.6156346634868,1392.8526699787633,1405.2569580078125,7573103,0.8906,1423.94,1449.42,1378.27,1.304
2025-06-16,1405.7530618658518,1418.0581392255135,1403.3714144517853,1415.9742431640625,5451137,0.7271,1419.99,1449.42,1378.27,1.1495
2025-06-17,1415.9742319665809,1418.8520508551696,1406.9439350146247,1412.302490234375,6970098,-0.2593,1414.81,1449.42,1378.27,1.0882
2025-06-18,1406.150024814166,1421.0351697486842,1399.402043989603,1401.78369140625,6751745,-0.3105,1411.66,1449.42,1378.27,0.7402
2025-06-19,1397.2189939427594,1403.8676438261634,1393.9442134714564,1400.4937744140625,8849883,0.2344,1410.02,1449.42,1378.27,0.5399
2025-06-20,1400.4937821267788,1422.3253290273638,1399.4021078732494,1416.1727294921875,12408178,1.1195,1409.47,1449.42,1378.27,0.6247
2025-06-23,1406.1500791810931,1412.3025575376569,1401.0891539348067,1409.226318359375,5514384,0.2188,1408.74,1449.42,1378.27,0.5569
2025-06-24,1416.7680893764307,1424.9053748687675,1405.6538959425357,1413.1956787109375,11188438,-0.2522,1409.88,1449.42,1378.27,0.5477
2025-06-25,1411.1117385952273,1417.9589294864209,1404.463088984364,1414.8826904296875,7527388,0.2672,1409.72,1449.42,1378.27,0.5011
2025-06-26,1413.8903780949927,1436.4165161110168,1410.814017835929,1428.080810546875,13617435,1.0036,1411.98,1449.42,1378.27,0.5555
2025-06-27,1427.882386711014,1454.774858156496,1426.0961208320166,1451.00390625,22532899,1.6193,1419.01,1451.0,1378.27,0.6567
2025-06-30,1450.6071028820047,1450.706312958781,1431.2564136212704,1434.7296142578125,6325073,-1.0945,1423.9,1451.0,1378.27,0.9199
2025-07-01,1434.6302067068036,1436.5156826077227,1418.653508855977,1421.03515625,7761449,-0.9476,1424.59,1451.0,1378.27,0.9843
2025-07-02,1421.2336440793872,1439.8897415628453,1411.707175185214,1416.867431640625,13372280,-0.3072,1425.69,1451.0,1378.27,0.9952
2025-07-03,1421.1344118511029,1435.027214103107,1412.798706272776,1414.98193359375,10177738,-0.4329,1425.94,1451.0,1378.27,1.0064
2025-07-04,1416.0734952431667,1433.3402880878325,1410.2186471744621,1431.7525634765625,5066503,1.1072,1428.35,1451.0,1378.27,1.0882
2025-07-07,1425.9968814549877,1429.8670433562065,1418.6535190770169,1424.706787109375,5177477,-0.0905,1427.87,1451.0,1378.27,1.0191
2025-07-08,1421.035188079707,1433.935647189369,1419.050502062836,1430.9586181640625,5315847,0.6983,1425.0,1451.0,1378.27,0.81
2025-07-09,1425.2030375827696,1427.683895203639,1415.6765685457565,1420.93603515625,8827347,-0.2994,1423.03,1451.0,1378.27,0.7048
2025-07-10,1425.7985078190466,1427.981614021397,1411.2109926594833,1413.1956787109375,7795964,-0.8839,1421.91,1451.0,1378.27,0.6914
2025-07-11,1411.111783317687,1417.0658414751456,1403.7684206963636,1411.0125732421875,7158015,-0.007,1421.08,1451.0,1378.27,0.6805
2025-07-14,1413.9896019530586,1413.9896019530586,1405.2569348701418,1412.1041259765625,5846154,-0.1333,1420.67,1451.0,1378.27,0.6568
2025-07-15,1410.218682168871,1422.8215115677394,1408.134785993891,1419.844482421875,6041457,0.6826,1418.97,1451.0,1378.27,0.5553
2025-07-16,1415.081187967311,1418.25663727007,1408.2339967016344,1415.4781494140625,5649093,0.0281,1417.65,1451.0,1378.27,0.5541
2025-07-17,1410.1194736013367,1412.3025798563917,1398.7075285299677,1407.8370361328125,12927394,-0.1619,1414.34,1451.0,1378.27,0.4647
2025-07-18,1404.9592604817603,1418.0581395587762,1397.7151081655259,1414.8826904296875,11297246,0.7063,1413.48,1451.0,1378.27,0.5452
2025-07-21,1436.9126621837045,1456.4617708047458,1425.9968891975022,1454.576416015625,13867136,1.2293,1419.39,1454.58,1378.27,0.5379
2025-07-22,1462.8128219007424,1470.6523559877205,1458.4464883845856,1462.316650390625,8930165,-0.0339,1426.72,1462.32,1378.27,0.5408
2025-07-23,1471.5454755170424,1478.5910866693491,1461.3242940475627,1477.2017822265625,11974174,0.3844,1436.02,1477.2,1378.27,0.5006
2025-07-24,1476.3086281822896,1477.3009711792895,1466.782159638216,1472.0416259765625,6700578,-0.289,1443.48,1477.2,1378.27,0.5437
2025-07-25,1488.5144734435703,1488.5144734435703,1462.31659448384,1465.789794921875,8696077,-1.5267,1450.66,1477.2,1378.27,0.8743
2025-07-28,1465.7898930637602,1482.3620946590604,1465.7898930637602,1477.00341796875,7507479,0.765,1460.54,1477.2,1378.27,0.9074
2025-07-29,1468.5685019046516,1478.3927223132807,1464.1029581857863,1474.8201904296875,9776027,0.4257,1469.11,1477.2,1378.27,0.8861
2025-07-30,1476.308661728485,1477.1025845983731,1465.9883912336757,1471.04931640625,7238625,-0.3562,1471.46,1477.2,1378.27,0.7527
2025-07-31,1458.6450618514623,1483.0566764606926,1452.7902136757805,1470.0570068359375,12406146,0.7824,1472.57,1477.2,1378.27,0.8229
2025-08-01,1469.0645758820863,1473.7285394467383,1458.5457644921182,1460.3319091796875,4416771,-0.5944,1470.16,1477.2,1378.27,0.835
2025-08-04,1465.492177404952,1467.4768633867377,1450.1108610461113,1451.9962158203125,6140054,-0.9209,1467.29,1477.2,1378.27,0.8895
2025-08-05,1441.8743352750153,1450.3092505192255,1429.96621963613,1433.3402099609375,14799343,-0.5919,1462.66,1477.2,1378.27,0.7098
2025-08-06,1431.2564134495642,1442.866778550362,1430.561700640964,1432.54638671875,7805252,0.0901,1456.31,1477.2,1378.27,0.6173
2025-08-07,1430.0655302659995,1436.8135113901221,1418.1574137897542,1429.271728515625,7432535,-0.0555,1449.8,1477.2,1378.27,0.5649
2025-08-08,1434.8288259088201,1436.5157606227415,1421.0352334242946,1424.9053955078125,5415511,-0.6916,1443.21,1477.2,1378.27,0.5905
2025-08-11,1416.9666396615337,1427.3862414978396,1409.5240669213151,1425.5999755859375,8492484,0.6093,1436.86,1477.2,1378.27,0.5399
2025-08-12,1431.0,1433.800048828125,1420.0999755859375,1422.0,5913947,-0.6289,1431.38,1477.2,1378.27,0.5431
2025-08-13,1424.5999755859375,1427.699951171875,1415.199951171875,1420.800048828125,9009465,-0.2667,1426.92,1477.2,1378.27,0.4728
2025-08-14,1412.0,1431.0999755859375,1412.0,1427.300048828125,7577793,1.0836,1426.06,1477.2,1378.27,0.6453
2025-08-18,1450.0,1452.4000244140625,1431.0,1434.5999755859375,6908844,-1.0621,1426.35,1477.2,1378.27,0.7611
2025-08-19,1431.0999755859375,1438.5,1426.300048828125,1436.300048828125,6709554,0.3634,1427.36,1477.2,1378.27,0.7853
2025-08-20,1432.5999755859375,1435.9000244140625,1423.0,1430.5999755859375,5817858,-0.1396,1428.17,1477.2,1378.27,0.7407
2025-08-21,1440.0999755859375,1447.800048828125,1436.4000244140625,1446.0,6238645,0.4097,1431.09,1477.2,1378.27,0.7165
2025-08-22,1444.300048828125,1446.0,1429.4000244140625,1436.4000244140625,6657207,-0.547,1433.14,1477.2,1378.27,0.7057
2025-08-25,1435.9000244140625,1435.9000244140625,1424.0,1433.199951171875,6738427,-0.188,1434.91,1477.2,1378.27,0.7018
2025-08-26,1427.9000244140625,1427.9000244140625,1413.0999755859375,1416.5999755859375,8720155,-0.7914,1433.39,1477.2,1378.27,0.5571
2025-08-28,1408.0,1411.800048828125,1396.300048828125,1399.0999755859375,12990789,-0.6321,1428.31,1477.2,1378.27,0.4739
2025-08-29,1392.0999755859375,1405.0,1392.0999755859375,1397.800048828125,8519507,0.4095,1422.81,1477.2,1378.27,0.4836
2025-09-01,1398.0999755859375,1412.4000244140625,1398.0999755859375,1411.0,4927348,0.9227,1420.01,1477.2,1378.27,0.6484
2025-09-02,1413.9000244140625,1413.9000244140625,1390.0,1394.199951171875,7163073,-1.3933,1412.61,1477.2,1378.27,0.7764
2025-09-03,1389.0,1400.0,1384.199951171875,1397.0,9813382,0.576,1406.99,1477.2,1378.27,0.8348
2025-09-04,1409.9000244140625,1415.0999755859375,1401.9000244140625,1405.5,10564859,-0.3121,1403.03,1477.2,1378.27,0.8369
2025-09-05,1411.0,1411.5,1387.699951171875,1402.800048828125,6621077,-0.5811,1401.06,1477.2,1378.27,0.8145
2025-09-08,1402.199951171875,1410.5999755859375,1397.5999755859375,1402.699951171875,5880943,0.0357,1401.57,1477.2,1378.27,0.7865
2025-09-09,1399.0,1407.5,1395.199951171875,1403.699951171875,6470679,0.336,1402.41,1477.2,1378.27,0.7798
2025-09-10,1410.0,1413.699951171875,1402.0999755859375,1403.9000244140625,7452347,-0.4326,1401.4,1477.2,1378.27,0.6533
2025-09-11,1398.0,1408.0,1396.0,1401.5999755859375,10192026,0.2575,1402.46,1477.2,1378.27,0.4344
2025-09-12,1405.0999755859375,1419.699951171875,1400.0999755859375,1417.699951171875,7770038,0.8967,1405.41,1477.2,1378.27,0.5166
2025-09-15,1422.0,1426.800048828125,1416.300048828125,1419.4000244140625,5845637,-0.1828,1407.4,1477.2,1378.27,0.5045
2025-09-16,1414.0,1424.9000244140625,1413.699951171875,1421.5999755859375,8213151,0.5375,1410.09,1477.2,1378.27,0.4462
2025-09-17,1420.0999755859375,1426.0999755859375,1416.4000244140625,1419.199951171875,7484283,-0.0634,1412.44,1477.2,1378.27,0.454
2025-09-18,1431.0999755859375,1432.800048828125,1415.300048828125,1421.699951171875,8130537,-0.6568,1415.01,1477.2,1378.27,0.5473
2025-09-19,1416.0999755859375,1418.0,1400.199951171875,1402.199951171875,13457344,-0.9816,1414.77,1477.2,1378.27,0.6565
2025-09-22,1403.9000244140625,1409.9000244140625,1397.199951171875,1401.5,8847948,-0.171,1414.76,1477.2,1378.27,0.6454
2025-09-23,1391.0,1403.300048828125,1391.0,1394.300048828125,12827524,0.2372,1411.41,1477.2,1378.27,0.5119
2025-09-24,1386.4000244140625,1390.9000244140625,1376.5,1382.699951171875,9735678,-0.2669,1406.17,1477.2,1378.27,0.5129
2025-09-25,1377.0,1391.5,1371.800048828125,1375.800048828125,21613389,-0.0871,1399.63,1477.2,1375.8,0.4078
2025-09-26,1368.0,1372.699951171875,1357.0,1359.5999755859375,18342280,-0.614,1391.11,1477.2,1359.6,0.4112
2025-09-29,1359.5999755859375,1366.5,1346.199951171875,1348.0999755859375,20563163,-0.8458,1380.6,1477.2,1348.1,0.439
2025-09-30,1353.699951171875,1356.5999755859375,1342.5999755859375,1348.0,20166871,-0.4211,1372.86,1477.2,1348.0,0.3564
2025-10-01,1348.0,1379.4000244140625,1347.0999755859375,1372.0,20952632,1.7804,1368.64,1477.2,1348.0,0.8725
2025-10-03,1371.9000244140625,1371.9000244140625,1361.300048828125,1365.199951171875,12163695,-0.4884,1364.49,1477.2,1348.0,0.8784
2025-10-06,1371.0,1372.5999755859375,1359.0999755859375,1363.4000244140625,14314283,-0.5543,1361.73,1477.2,1348.0,0.8922
2025-10-07,1363.5999755859375,1383.0999755859375,1363.5999755859375,1375.9000244140625,16126464,0.902,1361.74,1477.2,1348.0,0.9824
2025-10-08,1372.300048828125,1381.5999755859375,1364.300048828125,1370.300048828125,8100832,-0.1457,1363.27,1477.2,1348.0,0.9518
2025-10-09,1369.800048828125,1378.699951171875,1365.0999755859375,1376.199951171875,7909575,0.4672,1367.29,1477.2,1348.0,0.8763
2025-10-10,1370.300048828125,1385.0,1370.300048828125,1380.300048828125,7673816,0.7298,1371.9,1477.2,1348.0,0.8433
2025-10-13,1373.0999755859375,1386.4000244140625,1373.0999755859375,1379.4000244140625,8923018,0.4588,1372.96,1477.2,1348.0,0.5879
2025-10-14,1389.0,1389.0,1375.0999755859375,1384.0999755859375,10610855,-0.3528,1375.66,1477.2,1348.0,0.5634
2025-10-15,1386.5,1400.4000244140625,1385.5,1398.4000244140625,8988550,0.8583,1380.66,1477.2,1348.0,0.4901
2025-10-16,1401.0,1418.9000244140625,1399.4000244140625,1417.300048828125,12185032,1.1635,1386.57,1477.2,1348.0,0.5406
2025-10-17,1412.0,1439.5999755859375,1410.9000244140625,1436.5999755859375,17037215,1.7422,1396.04,1477.2,1348.0,0.6511
2025-10-20,1442.0,1445.0,1389.199951171875,1390.300048828125,23330227,-3.5853,1398.06,1477.2,1348.0,1.7654
2025-10-21,1384.5,1387.5999755859375,1375.9000244140625,1382.0,3415560,-0.1806,1398.3,1477.2,1348.0,1.7486
2025-10-23,1385.0,1389.800048828125,1360.0999755859375,1363.699951171875,21124942,-1.5379,1396.06,1477.2,1348.0,1.8253
2025-10-24,1368.0999755859375,1381.5999755859375,1368.0999755859375,1377.699951171875,10570263,0.7017,1395.14,1477.2,1348.0,1.8605
2025-10-27,1382.0999755859375,1386.800048828125,1374.0,1377.5999755859375,11499836,-0.3256,1392.17,1477.2,1348.0,1.8099
2025-10-28,1373.0,1375.800048828125,1356.199951171875,1363.0999755859375,26477914,-0.7211,1384.43,1477.2,1348.0,1.6944
2025-10-29,1364.5999755859375,1371.699951171875,1358.4000244140625,1370.4000244140625,16129382,0.425,1374.97,1477.2,1348.0,1.4522
2025-10-30,1362.4000244140625,1370.199951171875,1361.300048828125,1362.4000244140625,9324401,0.0,1370.99,1477.2,1348.0,0.7431
2025-10-31,1357.0,1362.0,1343.300048828125,1345.300048828125,15926798,-0.8622,1365.74,1477.2,1345.3,0.7787
2025-11-03,1340.5,1351.5999755859375,1337.9000244140625,1346.4000244140625,11071450,0.4401,1363.27,1477.2,1345.3,0.6082
2025-11-04,1342.5999755859375,1349.800048828125,1333.199951171875,1336.9000244140625,15211183,-0.4245,1357.44,1477.2,1336.9,0.519
2025-11-06,1330.0,1342.199951171875,1317.4000244140625,1320.4000244140625,24221853,-0.7218,1349.27,1477.2,1320.4,0.5541
2025-11-07,1320.4000244140625,1344.300048828125,1318.5999755859375,1343.0,7719245,1.7116,1346.4,1477.2,1320.4,0.8853
2025-11-10,1342.9000244140625,1349.5999755859375,1341.0,1348.0,8542340,0.3798,1343.2,1477.2,1320.4,0.8825
2025-11-11,1349.0,1360.4000244140625,1346.199951171875,1358.300048828125,8305184,0.6894,1342.61,1477.2,1320.4,0.9108
2025-11-12,1370.0,1370.0,1355.4000244140625,1358.9000244140625,9736761,-0.8102,1344.56,1477.2,1320.4,0.9011
2025-11-13,1358.9000244140625,1390.4000244140625,1358.5,1385.9000244140625,18296626,1.9869,1350.2,1477.2,1320.4,1.1347
2025-11-14,1374.0,1381.199951171875,1363.199951171875,1373.0,9694498,-0.0728,1355.36,1477.2,1320.4,1.0993
2025-11-17,1375.0999755859375,1382.5,1373.5999755859375,1379.0,7660717,0.2836,1363.73,1477.2,1320.4,0.9795
2025-11-18,1380.199951171875,1382.800048828125,1369.0999755859375,1373.4000244140625,9529560,-0.4927,1368.07,1477.2,1320.4,0.913
2025-11-19,1373.5,1384.0,1371.5999755859375,1383.0999755859375,10393918,0.6989,1373.09,1477.2,1320.4,0.9266
2025-11-20,1380.0999755859375,1388.300048828125,1375.4000244140625,1383.0,10131863,0.2101,1376.61,1477.2,1320.4,0.9129
2025-11-21,1373.0,1376.0,1364.5999755859375,1369.5,11483595,-0.2549,1378.13,1477.2,1320.4,0.8245
2025-11-24,1373.300048828125,1377.0,1361.5,1368.4000244140625,15896003,-0.3568,1375.63,1477.2,1320.4,0.419
2025-11-25,1365.0,1376.9000244140625,1354.300048828125,1357.800048828125,12235000,-0.5275,1373.46,1477.2,1320.4,0.4653
2025-11-26,1360.0,1377.0,1359.9000244140625,1375.0,9659004,1.1029,1372.89,1477.2,1320.4,0.6379
2025-11-27,1379.0,1394.0,1375.699951171875,1392.199951171875,15158741,0.9572,1375.57,1477.2,1320.4,0.6655
2025-11-28,1392.0,1398.5,1385.5999755859375,1388.800048828125,7683986,-0.2299,1376.39,1477.2,1320.4,0.6563
2025-12-01,1394.0,1400.0,1385.4000244140625,1390.0999755859375,8867593,-0.2798,1377.4,1477.2,1320.4,0.6721
2025-12-02,1381.800048828125,1381.800048828125,1370.5999755859375,1373.0,12126396,-0.6369,1377.9,1477.2,1320.4,0.7159
2025-12-03,1367.0,1394.199951171875,1367.0,1391.5,7955933,1.7922,1381.2,1477.2,1320.4,0.9558
2025-12-04,1387.0,1391.5999755859375,1379.9000244140625,1386.699951171875,7373909,-0.0216,1385.33,1477.2,1320.4,0.8993
2025-12-05,1381.0,1395.300048828125,1381.0,1392.5,4942638,0.8327,1387.83,1477.2,1320.4,0.8686
2025-12-08,1387.0,1394.9000244140625,1383.300048828125,1389.5999755859375,7826227,0.1875,1387.46,1477.2,1320.4,0.8258
2025-12-09,1379.9000244140625,1384.300048828125,1373.4000244140625,1375.199951171875,10492030,-0.3406,1385.51,1477.2,1320.4,0.8372
2025-12-10,1377.9000244140625,1379.4000244140625,1357.9000244140625,1363.5999755859375,8725381,-1.0378,1381.73,1477.2,1320.4,0.9534
2025-12-11,1363.699951171875,1366.5999755859375,1352.800048828125,1360.0,6734750,-0.2713,1379.87,1477.2,1320.4,0.9148
2025-12-12,1368.0,1370.699951171875,1363.300048828125,1366.0,3890885,-0.1462,1376.23,1477.2,1320.4,0.5666
2025-12-15,1356.0999755859375,1370.0,1356.0999755859375,1365.199951171875,5342530,0.671,1373.16,1477.2,1320.4,0.641
2025-12-16,1364.0,1368.699951171875,1355.5,1366.0,12359741,0.1466,1369.37,1477.2,1320.4,0.5332
2025-12-17,1365.0,1365.0,1343.0999755859375,1352.4000244140625,9440391,-0.9231,1364.06,1477.2,1320.4,0.591
2025-12-18,1346.300048828125,1369.5,1345.5,1356.800048828125,7314573,0.7799,1361.43,1477.2,1320.4,0.7091
2025-12-19,1354.0,1360.4000244140625,1350.800048828125,1354.0999755859375,14318512,0.0074,1360.07,1477.2,1320.4,0.5798
2025-12-22,1358.0,1371.300048828125,1354.800048828125,1368.5,9375294,0.7732,1361.29,1477.2,1320.4,0.62
2025-12-23,1361.0999755859375,1365.0,1357.0,1363.0,9105467,0.1396,1360.86,1477.2,1320.4,0.6036
2025-12-24,1363.800048828125,1368.199951171875,1357.5999755859375,1359.800048828125,8955140,-0.2933,1360.09,1477.2,1320.4,0.5956
2025-12-26,1356.5,1362.0,1348.5,1350.4000244140625,2812144,-0.4497,1357.86,1477.2,1320.4,0.6279
2025-12-29,1352.0999755859375,1355.699951171875,1341.5,1343.300048828125,6057201,-0.6508,1356.56,1477.2,1320.4,0.5663
2025-12-30,1343.300048828125,1347.0999755859375,1338.0999755859375,1342.5,18621277,-0.0596,1354.51,1477.2,1320.4,0.4641
2025-12-31,1342.800048828125,1350.0,1339.5,1342.9000244140625,6150634,0.0074,1352.91,1477.2,1320.4,0.4641
2026-01-01,1343.9000244140625,1348.4000244140625,1336.0,1338.0,4179311,-0.439,1348.56,1477.2,1320.4,0.2865
2026-01-02,1338.0,1356.9000244140625,1336.300048828125,1355.4000244140625,8226205,1.3005,1347.47,1477.2,1320.4,0.652
2026-01-05,1354.199951171875,1375.5,1352.5999755859375,1371.5,6920565,1.2775,1349.14,1477.2,1320.4,0.8172
2026-01-06,1372.0,1413.5999755859375,1366.0,1411.199951171875,17260416,2.8571,1357.83,1477.2,1320.4,1.2565
2026-01-07,1408.0,1429.9000244140625,1404.199951171875,1427.699951171875,15813795,1.3991,1369.89,1477.2,1320.4,1.1469
2026-01-08,1429.0,1442.199951171875,1423.300048828125,1435.0,14861699,0.4199,1383.1,1477.2,1320.4,1.0927
2026-01-09,1427.0999755859375,1429.5,1401.5,1404.300048828125,12555636,-1.5976,1391.87,1477.2,1320.4,1.442
2026-01-12,1399.9000244140625,1424.300048828125,1391.699951171875,1413.0999755859375,10923811,0.9429,1402.6,1477.2,1320.4,1.3441
2026-01-13,1420.0,1441.800048828125,1411.0999755859375,1437.0,14295581,1.1972,1414.26,1477.2,1320.4,1.3401
2026-01-14,1425.5999755859375,1443.9000244140625,1414.9000244140625,1418.4000244140625,13832255,-0.505,1420.96,1477.2,1320.4,1.429
2026-01-15,1418.4000244140625,1418.4000244140625,1418.4000244140625,1418.4000244140625,0,0.0,1421.99,1477.2,1320.4,1.0623
2026-01-16,1417.9000244140625,1429.0,1400.199951171875,1410.800048828125,12530886,-0.5007,1419.57,1477.2,1320.4,0.9623
2026-01-19,1399.9000244140625,1400.0,1360.0,1380.5999755859375,23302883,-1.3787,1411.8,1477.2,1320.4,1.0643
2026-01-20,1374.699951171875,1387.800048828125,1371.5,1375.800048828125,15012785,0.08,1407.73,1477.2,1320.4,0.888
2026-01-21,1367.5,1371.5,1339.5,1349.0,21766068,-1.3528,1398.57,1477.2,1320.4,0.8955
2026-01-22,1355.0999755859375,1358.0,1338.0,1345.5,17179765,-0.7084,1385.5,1477.2,1320.4,0.5805
2026-01-23,1340.5,1355.199951171875,1335.699951171875,1343.4000244140625,14056524,0.2163,1374.79,1477.2,1320.4,0.6632
2026-01-27,1340.0,1369.0999755859375,1328.5999755859375,1361.4000244140625,25263634,1.597,1366.64,1477.2,1320.4,1.0399
2026-01-28,1362.5999755859375,1380.4000244140625,1362.5999755859375,1367.699951171875,13242696,0.3743,1360.49,1477.2,1320.4,1.063
2026-01-29,1359.0,1387.699951171875,1354.4000244140625,1383.5999755859375,23118234,1.8102,1360.91,1477.2,1320.4,1.1381
2026-01-30,1368.199951171875,1381.9000244140625,1353.199951171875,1355.0,24013717,-0.9648,1357.94,1477.2,1320.4,1.2344
2026-02-02,1329.9000244140625,1354.4000244140625,1329.0999755859375,1352.800048828125,12800245,1.7219,1358.49,1477.2,1320.4,1.1599
2026-02-03,1412.0,1417.0,1373.4000244140625,1389.699951171875,24896698,-1.5793,1364.8,1477.2,1320.4,1.3518
2026-02-04,1387.0,1414.0,1386.9000244140625,1408.4000244140625,11080683,1.5429,1374.09,1477.2,1320.4,1.4049
2026-02-05,1414.0,1414.0,1393.199951171875,1396.5,8982761,-1.2376,1379.1,1477.2,1320.4,1.4901
2026-02-06,1396.699951171875,1410.5,1394.699951171875,1406.0999755859375,10851190,0.673,1384.59,1477.2,1320.4,1.4989
2026-02-09,1413.5,1414.0,1388.800048828125,1396.300048828125,7889742,-1.2168,1386.4,1477.2,1320.4,1.4186
2026-02-10,1401.0,1409.5,1395.5,1406.5,16497628,0.3926,1393.76,1477.2,1320.4,1.3812
2026-02-11,1407.4000244140625,1413.0,1400.4000244140625,1406.0999755859375,8551341,-0.0924,1401.37,1477.2,1320.4,1.1672
2026-02-12,1406.0999755859375,1433.0,1405.300048828125,1430.0,19646265,1.6997,1407.13,1477.2,1320.4,1.187
2026-02-13,1425.300048828125,1434.4000244140625,1410.699951171875,1414.5999755859375,12228083,-0.7507,1408.01,1477.2,1320.4,1.0832
2026-02-16,1404.0,1414.0,1400.5,1411.5999755859375,5000042,0.5413,1410.17,1477.2,1320.4,0.9678
2026-02-17,1406.199951171875,1413.5999755859375,1393.5999755859375,1407.5,11756187,0.0925,1410.37,1477.2,1320.4,0.9429
2026-02-18,1410.0999755859375,1412.300048828125,1398.9000244140625,1408.199951171875,4758071,-0.1347,1412.07,1477.2,1320.4,0.7636
2026-02-19,1408.5,1412.300048828125,1384.800048828125,1388.800048828125,14323091,-1.3986,1409.54,1477.2,1320.4,0.9778
2026-02-20,1388.5,1403.699951171875,1384.0,1394.5,10337877,0.4321,1407.89,1477.2,1320.4,0.9901
2026-02-23,1400.0,1408.300048828125,1395.300048828125,1399.4000244140625,10728445,-0.0429,1403.51,1477.2,1320.4,0.6832
2026-02-24,1400.9000244140625,1400.9000244140625,1382.300048828125,1384.800048828125,18274784,-1.1493,1399.26,1477.2,1320.4,0.7519
2026-02-25,1391.800048828125,1407.4000244140625,1388.199951171875,1400.5,16297015,0.6251,1397.67,1477.2,1320.4,0.7668
2026-02-26,1405.0999755859375,1410.0,1392.0999755859375,1404.9000244140625,27288792,-0.0142,1397.3,1477.2,1320.4,0.7605
2026-02-27,1400.0,1402.199951171875,1376.699951171875,1378.9000244140625,15096898,-1.5071,1393.11,1477.2,1320.4,0.8939
2026-03-02,1355.0,1379.199951171875,1355.0,1374.0,16928683,1.4022,1391.0,1477.2,1320.4,1.0107
2026-03-04,1326.0,1376.0,1326.0,1365.4000244140625,20009132,2.9713,1386.84,1477.2,1320.4,1.5294
2026-03-05,1368.9000244140625,1370.800048828125,1347.5999755859375,1357.5999755859375,17590491,-0.8255,1380.87,1477.2,1320.4,1.5883
2026-03-06,1339.0,1357.5999755859375,1310.4000244140625,1313.4000244140625,22778852,-1.9119,1370.67,1477.2,1313.4,1.7183
2026-03-09,1272.699951171875,1282.699951171875,1251.0999755859375,1278.4000244140625,16116652,0.4479,1353.23,1477.2,1278.4,1.7107
2026-03-10,1287.5999755859375,1315.0,1285.5999755859375,1311.9000244140625,19136143,1.8872,1339.94,1477.2,1278.4,1.8393
2026-03-11,1300.0,1306.5,1290.9000244140625,1294.5999755859375,13224259,-0.4154,1327.9,1477.2,1278.4,1.6961
2026-03-12,1275.699951171875,1280.5,1258.300048828125,1266.5,19676187,-0.7212,1312.54,1477.2,1266.5,1.6994
2026-03-13,1251.9000244140625,1262.300048828125,1248.699951171875,1254.800048828125,17344394,0.2316,1296.74,1477.2,1254.8,1.1973
2026-03-16,1255.0,1276.800048828125,1240.0999755859375,1272.9000244140625,22740688,1.4263,1284.64,1477.2,1254.8,1.2956
2026-03-17,1278.9000244140625,1294.4000244140625,1273.0,1288.699951171875,22303102,0.7663,1281.11,1477.2,1254.8,0.9359
2026-03-18,1286.0,1297.0999755859375,1270.800048828125,1289.300048828125,12961135,0.2566,1282.67,1477.2,1254.8,0.941
2026-03-19,1267.5999755859375,1285.9000244140625,1243.699951171875,1250.0999755859375,14422899,-1.3806,1273.84,1477.2,1250.1,0.943
2026-03-20,1258.4000244140625,1274.0,1241.699951171875,1245.4000244140625,16421006,-1.0331,1266.81,1477.2,1245.4,1.0169
2026-03-23,1226.5999755859375,1234.9000244140625,1218.0999755859375,1222.699951171875,17049534,-0.318,1260.56,1477.2,1222.7,0.9845
2026-03-24,1237.0999755859375,1253.9000244140625,1223.699951171875,1251.199951171875,20617782,1.1398,1260.04,1477.2,1222.7,1.0767
2026-03-25,1258.9000244140625,1272.9000244140625,1254.4000244140625,1259.699951171875,17290030,0.0635,1258.16,1477.2,1222.7,0.9123
2026-03-27,1256.0,1260.9000244140625,1230.0999755859375,1233.800048828125,23630905,-1.7675,1250.31,1477.2,1222.7,1.0205
2026-03-30,1216.5,1222.5999755859375,1200.4000244140625,1205.9000244140625,23952775,-0.8714,1238.4,1477.2,1205.9,0.9815
2026-04-01,1228.0999755859375,1234.0,1210.0,1212.699951171875,25472333,-1.254,1233.06,1477.2,1205.9,0.9657
2026-04-02,1196.0,1222.0999755859375,1187.5999755859375,1215.800048828125,20851722,1.6555,1228.83,1477.2,1205.9,1.2476
2026-04-06,1213.0,1234.4000244140625,1200.5,1231.4000244140625,10058414,1.5169,1230.07,1477.2,1205.9,1.4004
2026-04-07,1229.0,1250.4000244140625,1216.5999755859375,1245.5,25600557,1.3426,1229.26,1477.2,1205.9,1.4281
2026-04-08,1310.0,1333.5,1292.4000244140625,1309.199951171875,25148651,-0.0611,1236.33,1477.2,1205.9,1.4294
2026-04-09,1299.9000244140625,1308.0,1275.9000244140625,1281.300048828125,22923062,-1.4309,1243.11,1477.2,1205.9,1.3609
2026-04-10,1289.0,1324.0,1288.5,1321.9000244140625,18174755,2.5524,1259.69,1477.2,1205.9,1.5446
2026-04-13,1304.9000244140625,1357.0,1296.699951171875,1351.0999755859375,30572141,3.5405,1279.46,1477.2,1205.9,1.6368
2026-04-15,1358.0,1364.800048828125,1338.0,1348.0999755859375,23827473,-0.729,1298.36,1477.2,1205.9,1.7918
2026-04-16,1352.0,1366.9000244140625,1340.199951171875,1345.5,24017236,-0.4808,1314.66,1477.2,1205.9,1.8469
2026-04-17,1347.0,1352.9000244140625,1334.0,1346.800048828125,18151993,-0.0148,1329.13,1477.2,1205.9,1.8365
2026-04-20,1364.699951171875,1376.4000244140625,1353.0,1356.199951171875,21551520,-0.6228,1335.84,1477.2,1205.9,1.876
2026-04-21,1368.0,1393.0999755859375,1360.0,1388.4000244140625,23312455,1.4912,1351.14,1477.2,1205.9,1.7187
2026-04-22,1380.0,1380.0999755859375,1365.0,1367.5999755859375,13613487,-0.8986,1357.67,1477.2,1205.9,1.6315
2026-04-23,1348.4000244140625,1354.0,1343.5,1348.0,20111792,-0.0297,1357.23,1477.2,1205.9,0.8111
2026-04-24,1336.300048828125,1348.800048828125,1324.0,1326.199951171875,14056743,-0.7558,1354.1,1477.2,1205.9,0.8141
2026-04-27,1327.9000244140625,1335.9000244140625,1310.9000244140625,1314.0999755859375,15385548,-1.0392,1349.61,1477.2,1205.9,0.8729
